CellBank,cellid,EMBLSEQUENCEACCESSION,citations,closestallelewrittendescription,consanguineous,ethnicorigin,genelocus,homozygous,imgtsubmissionidentifier,imgtsubmissionversion,localallelename,materialavailability,methodcomments,numofreactions,primarysequencingmethodology,primers,primertype,secondarysequencingmethodology,sequencedinisolation,sequencingdirection,sex,typedalleles,sequence
CellBank,CSV1234,EMBLID1,"1-3503;PUBMED; ""9349617"".;Laforet M, Froelich N, Parissiadis A, Pfeiffer B, Schell A, Faller B, Woehl-Jaegle ML, Cazenave JP, Tongio MM;A nucleotide insertion in exon 4 is responsible for the absence of expression of an HLA-A*01 allele;Tissue Antigens 50:347 - 50(1997).;1-3503;PUBMED; 9349617.;Laforet M, Froelich N, Parissiadis A, Pfeiffer B, Schell A, Faller B, Woehl-Jaegle ML, Cazenave JP, Tongio MM;A nucleotide insertion in exon 4 is responsible for the absence of expression of an HLA-A*01 allele;Tissue Antigens 50:347 - 50(1997).","The closest allele is HLA-DRB1, but with a polymorphism in exon 4: 213A?G",Unknown,"Caucasoid - Dutch/Irish/English, Europe",HLA-DRB1,Unknown,HWS100000000,1,DRB1_11_new,No Material Available,Sanger SBT.,3,"""Direct sequencing of PCR product from DNA (SBT)""",03PID03     CCCAAAGGGTTTCCCGGGAAATTT 3UT 3015-3042;04PID04     AAAGGGTTTCCCGGGAAATTTCCC 5UT 4015-4042,Both allele and locus specific,MinION 1D^2 Amplicon Sequencing,Yes,Both,M,HLA-A*01:01:01:01;HLA-B*40:72:01;HLA-DRB1*07:75;HLA-A*03:73;HLA-B*44:87;HLA-DRB1*14:90,"cagaagcagaggggtcagggcgaagtcccagggccccaggcgtggctctcagggtctcaggccccgaaggcggtgtatggattggggagtcccagccttggggattccccaactccgcagtttcttttctccctctcccaacctatgtagggtccttcttcctggatactcacgacgcggacccagttctcactcccattgggtgtcgggtttccagagaagccaatcagtgtcgtcgcggtcgcggttctaaagtccgcacgcacccaccgggactcagattctccccagacgccgagg
ATGGCCGTCATGGCGCCCCGAACCCTCGTCCTGCTACTCTCGGGGGCTCTGGCCCTGACCCAGACCTGGGCGG
gtgagtgcggggtcgggagggaaacggcctctgtggggagaagcaacgggcccgcctggcgggggcgcaggacccgggaagccgcgccgggaggagggtcgggcgggtctcagccactcctcgtccccag
GCTCTCACTCCATGAGGTATTTCTTCACATCCGTGTCCCGGCCCGGCCGCGGGGAGCCCCGCTTCATCGCAGTGGGCTACGTGGACGACACGCAGTTCGTGCGGTTCGACAGCGACGCCGCGAGCCAGAGGATGGAGCCGCGGGCGCCGTGGATAGAGCAGGAGGGTCCGGAGTATTGGGACGGGGAGACACGGAAAGTGAAGGCCCACTCACAGACTCACCGAGTGGACCTGGGGACCCTGCGCGGCTACTACAACCAGAGCGAGGCCG
gtgagtgaccccggcccggggcgcaggtcacgacctctcatcccccacggacgggccaggtcgcccacagtctccgggtccgagatccgccccgaagccgcgggaccccgagacccttgccccgggagaggcccaggcgcctttacccggtttcattttcagtttaggccaaaaatccccccaggttggtcggggcggggcggggctcgggggaccgggctgaccgcggggtccgggccag
GTTCTCACACCGTCCAGAGGATGTATGGCTGCGACGTGGGGTCGGACTGGCGCTTCCTCCGCGGGTACCACCAGTACGCCTACGACGGCAAGGATTACATCGCCCTGAAAGAGGACCTGCGCTCTTGGACCGCGGCGGACATGGCAGCTCAGACCACCAAGCACAAGTGGGAGGCGGCCCATGTGGCGGAGCAGTTGAGAGCCTACCTGGAGGGCACGTGCGTGGAGTGGCTCCGCAGATACCTGGAGAACGGGAAGGAGACGCTGCAGCGCACGG
gtaccaggggccacggggcgcctccctgatcgcctgtagatctcccgggctggcctcccacaaggaggggagacaattgggaccaacactagaatatcgccctccctctggtcctgagggagaggaatcctcctgggtttccagatcctgtaccagagagtgactctgaggttccgccctgctctctgacacaattaagggataaaatctctgaaggaatgacgggaagacgatccctcgaatactgatgagtggttccctttgacacacacaggcagcagccttgggcccgtgacttttcctctcaggccttgttctctgcttcacactcaatgtgtgtgggggtctgagtccagcacttctgagtccttcagcctccactcaggtcaggaccagaagtcgctgttccctcttcagggactagaattttccacggaataggagattatcccaggtgcctgtgtccaggctggtgtctgggttctgtgctcccttccccatcccaggtgtcctgtccattctcaagatagccacatgtgtgctggaggagtgtcccatgacagatgcaaaatgcctgaatgatctgactcttcctgacag
ACGCCCCCAAAACGCATATGACTCACCACGCTGTCTCTGACCATGAAGCCACCCTGAGGTGCTGGGCCCTGAGCTTCTACCCTGCGGAGATCACACTGACCTGGCAGCGGGATGGGGAGGACCAGACCCAGGACACGGAGCTCGTGGAGACCAGGCCTGCAGGGGATGGAACCTTCCAGAAGTGGGCGGCTGTGGTGGTGCCTTCTGGACAGGAGCAGAGATACACCTGCCATGTGCAGCATGAGGGTTTGCCCAAGCCCCTCACCCTGAGATGGG
gtaaggagggagacgggggtgtcatgtcttttagggaaagcaggagcctctctgacctttagcagggtcagggcccctcaccttcccctcttttcccag
AGCCGTCTTCCCAGCCCACCATCCCCATCGTGGGCATCATTGCTGGCCTGGTTCTCTTTGGAGCTGTGATCACTGGAGCTGTGGTCGCTGCTGTGATGTGGAGGAGGAAGAGCTCAG
gtggggaaggggtgaagggtgggtctgagatttcttgtctcactgagggttccaagacccaggtagaagtgtgccctgcctcgttactgggaagcaccacccacaattatgggcctacccagcctgggccctgtgtgccagcacttactcttttgtaaagcacctgttaaaatgaaggacagatttatcaccttgattacagcggtgatgggacctgatcccagcagtcacaagtcacaggggaaggtccctgaggaccttcaggagggcggttggtccaggacccacacctgctttcttcatgtttcctgatcccgccctgggtctgcagtcacacatttctggaaacttctctgaggtccaagacttggaggttcctctaggaccttaaggccctgactcctttctggtatctcacaggacattttcttcccacag
ATAGAAAAGGAGGGAGCTACTCTCAGGCTGCAA
gtaagtatgaaggaggctgatgcctgaggtccttgggatattgtgtttgggagcccatgggggagctcacccaccccacaattcctcctctagccacatcttctgtgggatctgaccaggttctgtttttgttctaccccag
GCAGTGACAGTGCCCAGGGCTCTGATGTGTCTCTCACAGCTTGTAAAG
gtgagagcctggagggcctgatgtgtgttgggtgttgggcggaacagtggacacagctgtgctatggggtttctttccattggatgtattgagcatgcgatgggctgtttaaagtgtgacccctcactgtgacagatacgaatttgttcatgaatatttttttctatag
TGTGA
Gacagctgccttgtgtgggactgagaggcaagagttgttcctgcccttccctttgtgacttgaagaaccctgactttgtttctgcaaaggcacctgcatgtgtctgtgttcgtgtaggcataatgtgaggaggtggggagaccaccccacccccatgtccaccatgaccctcttcccacgctgacctgtgctccctccccaatcatctttcctgttccagagaggtggggctgaggtgtctccatctctgtctcaacttcatggtgcactgagctgtaacttcttccttccctattaaaa"
CellBank,CSV1111,EMBLID2,"1-3503;PUBMED; ""9349617"".;Laforet M, Froelich N, Parissiadis A, Pfeiffer B, Schell A, Faller B, Woehl-Jaegle ML, Cazenave JP, Tongio MM;A nucleotide insertion in exon 4 is responsible for the absence of expression of an HLA-A*01 allele;Tissue Antigens 50:347 - 50(1997).;1-3503;PUBMED; 9349617.;Laforet M, Froelich N, Parissiadis A, Pfeiffer B, Schell A, Faller B, Woehl-Jaegle ML, Cazenave JP, Tongio MM;A nucleotide insertion in exon 4 is responsible for the absence of expression of an HLA-A*01 allele;Tissue Antigens 50:347 - 50(1997).","This allele looks closest to be a ""HLA-A"" allele.",Unknown,Pacific Islander - Melanesian,HLA-A,Unknown,HWS100000001,1,A_Maastricht_New4,No Material Available,We looked really close and could see the DNA sequence.,3,Visual observation of DNA sequence,03PID03     CCCAAAGGGTTTCCCGGGAAATTT 3UT 3015-3042;04PID04     AAAGGGTTTCCCGGGAAATTTCCC 5UT 4015-4042,Both allele and locus specific,"""Direct sequencing of PCR product from DNA (SBT)""",Yes,Both,M,HLA-A*01:01:01:01;HLA-B*40:72:01;HLA-DRB1*07:75;HLA-A*03:73;HLA-B*44:87;HLA-DRB1*14:90,"cagaagcagaggggtcagggcgaagtcccagggccccaggcgtggctctcagggtctcaggccccgaaggcggtgtatggattggggagtcccagccttggggattccccaactccgcagtttcttttctccctctcccaacctatgtagggtccttcttcctggatactcacgacgcggacccagttctcactcccattgggtgtcgggtttccagagaagccaatcagtgtcgtcgcggtcgcggttctaaagtccgcacgcacccaccgggactcagattctccccagacgccgagg
ATGGCCGTCATGGCGCCCCGAACCCTCGTCCTGCTACTCTCGGGGGCTCTGGCCCTGACCCAGACCTGGGCGG
gtgagtgcggggtcgggagggaaacggcctctgtggggagaagcaacgggcccgcctggcgggggcgcaggacccgggaagccgcgccgggaggagggtcgggcgggtctcagccactcctcgtccccag
GCTCTCACTCCATGAGGTATTTCTTCACATCCGTGTCCCGGCCCGGCCGCGGGGAGCCCCGCTTCATCGCAGTGGGCTACGTGGACGACACGCAGTTCGTGCGGTTCGACAGCGACGCCGCGAGCCAGAGGATGGAGCCGCGGGCGCCGTGGATAGAGCAGGAGGGTCCGGAGTATTGGGACGGGGAGACACGGAAAGTGAAGGCCCACTCACAGACTCACCGAGTGGACCTGGGGACCCTGCGCGGCTACTACAACCAGAGCGAGGCCG
gtgagtgaccccggcccggggcgcaggtcacgacctctcatcccccacggacgggccaggtcgcccacagtctccgggtccgagatccgccccgaagccgcgggaccccgagacccttgccccgggagaggcccaggcgcctttacccggtttcattttcagtttaggccaaaaatccccccaggttggtcggggcggggcggggctcgggggaccgggctgaccgcggggtccgggccag
GTTCTCACACCGTCCAGAGGATGTATGGCTGCGACGTGGGGTCGGACTGGCGCTTCCTCCGCGGGTACCACCAGTACGCCTACGACGGCAAGGATTACATCGCCCTGAAAGAGGACCTGCGCTCTTGGACCGCGGCGGACATGGCAGCTCAGACCACCAAGCACAAGTGGGAGGCGGCCCATGTGGCGGAGCAGTTGAGAGCCTACCTGGAGGGCACGTGCGTGGAGTGGCTCCGCAGATACCTGGAGAACGGGAAGGAGACGCTGCAGCGCACGG
gtaccaggggccacggggcgcctccctgatcgcctgtagatctcccgggctggcctcccacaaggaggggagacaattgggaccaacactagaatatcgccctccctctggtcctgagggagaggaatcctcctgggtttccagatcctgtaccagagagtgactctgaggttccgccctgctctctgacacaattaagggataaaatctctgaaggaatgacgggaagacgatccctcgaatactgatgagtggttccctttgacacacacaggcagcagccttgggcccgtgacttttcctctcaggccttgttctctgcttcacactcaatgtgtgtgggggtctgagtccagcacttctgagtccttcagcctccactcaggtcaggaccagaagtcgctgttccctcttcagggactagaattttccacggaataggagattatcccaggtgcctgtgtccaggctggtgtctgggttctgtgctcccttccccatcccaggtgtcctgtccattctcaagatagccacatgtgtgctggaggagtgtcccatgacagatgcaaaatgcctgaatgatctgactcttcctgacag
ACGCCCCCAAAACGCATATGACTCACCACGCTGTCTCTGACCATGAAGCCACCCTGAGGTGCTGGGCCCTGAGCTTCTACCCTGCGGAGATCACACTGACCTGGCAGCGGGATGGGGAGGACCAGACCCAGGACACGGAGCTCGTGGAGACCAGGCCTGCAGGGGATGGAACCTTCCAGAAGTGGGCGGCTGTGGTGGTGCCTTCTGGACAGGAGCAGAGATACACCTGCCATGTGCAGCATGAGGGTTTGCCCAAGCCCCTCACCCTGAGATGGG
gtaaggagggagacgggggtgtcatgtcttttagggaaagcaggagcctctctgacctttagcagggtcagggcccctcaccttcccctcttttcccag
AGCCGTCTTCCCAGCCCACCATCCCCATCGTGGGCATCATTGCTGGCCTGGTTCTCTTTGGAGCTGTGATCACTGGAGCTGTGGTCGCTGCTGTGATGTGGAGGAGGAAGAGCTCAG
gtggggaaggggtgaagggtgggtctgagatttcttgtctcactgagggttccaagacccaggtagaagtgtgccctgcctcgttactgggaagcaccacccacaattatgggcctacccagcctgggccctgtgtgccagcacttactcttttgtaaagcacctgttaaaatgaaggacagatttatcaccttgattacagcggtgatgggacctgatcccagcagtcacaagtcacaggggaaggtccctgaggaccttcaggagggcggttggtccaggacccacacctgctttcttcatgtttcctgatcccgccctgggtctgcagtcacacatttctggaaacttctctgaggtccaagacttggaggttcctctaggaccttaaggccctgactcctttctggtatctcacaggacattttcttcccacag
ATAGAAAAGGAGGGAGCTACTCTCAGGCTGCAA
gtaagtatgaaggaggctgatgcctgaggtccttgggatattgtgtttgggagcccatgggggagctcacccaccccacaattcctcctctagccacatcttctgtgggatctgaccaggttctgtttttgttctaccccag
GCAGTGACAGTGCCCAGGGCTCTGATGTGTCTCTCACAGCTTGTAAAG
gtgagagcctggagggcctgatgtgtgttgggtgttgggcggaacagtggacacagctgtgctatggggtttctttccattggatgtattgagcatgcgatgggctgtttaaagtgtgacccctcactgtgacagatacgaatttgttcatgaatatttttttctatag
TGTGA
Gacagctgccttgtgtgggactgagaggcaagagttgttcctgcccttccctttgtgacttgaagaaccctgactttgtttctgcaaaggcacctgcatgtgtctgtgttcgtgtaggcataatgtgaggaggtggggagaccaccccacccccatgtccaccatgaccctcttcccacgctgacctgtgctccctccccaatcatctttcctgttccagagaggtggggctgaggtgtctccatctctgtctcaacttcatggtgcactgagctgtaacttcttccttccctattaaaa"
